Source,Treatment,N,mPFS,PFS6,age,male,resec,Kscore,methyl,pre_trt_history
EX001,Model,0,28.102453,65.98791,75,1,25,30,20,4
EX002,Model,0,31.014317,73.81311,55,1,55,60,50,3
EX003,Model,0,32.095932,43.09812,35,0,95,95,95,1
