Model,RMSE
Bagging ANN,0.634366259108692
Random Patches ANN,0.7802170046067856
Random Subspaces ANN,0.8317437373860996
