Model,RMSE
Baseline ANN,5.611736502001234
Bagging ANN,5.166018898319565
Random Patches ANN,5.579018017778965
Random Subspaces ANN,4.8650927713672605
