Model,RMSE
Baseline ANN,0.5561379732065165
Bagging ANN,0.6432279005749885
Random Patches ANN,1.7331236940518897
Random Subspaces ANN,0.7281402894592001
