Model,RMSE
Baseline ANN,0.5133381513255942
Bagging ANN,0.6149394804407524
Random Patches ANN,0.9543671696694204
Random Subspaces ANN,0.6807935200147195
