Model,RMSE
Baseline ANN,1.2634620363325006
Bagging ANN,1.140535902327744
Random Patches ANN,1.7524174551040284
Random Subspaces ANN,1.8544045965065468
