Model,RMSE
Bagging ANN,0.6170780570938273
Random Patches ANN,0.7694452811702104
Random Subspaces ANN,0.4400149908908745
