Model,RMSE
Baseline ANN,0.5751601317387085
Bagging ANN,0.640041087538557
Random Patches ANN,0.634027727735703
Random Subspaces ANN,0.49350183323934355
