Model,RMSE
Baseline ANN,4.246278082908632
Bagging ANN,4.300682346901923
Random Patches ANN,4.588235299214453
Random Subspaces ANN,3.8899054525011896
