Model,RMSE
Baseline ANN,0.7678732579252502
Bagging ANN,0.6767297214321351
Random Patches ANN,0.9303142938195236
Random Subspaces ANN,0.8547858648543251
