Model,RMSE
Baseline ANN,0.5580109168165327
Bagging ANN,0.5601803060745283
Random Patches ANN,1.215946470157047
Random Subspaces ANN,1.0458458271084228
