Model,RMSE
Bagging ANN,0.6597048796251319
Random Patches ANN,1.1508848628747854
Random Subspaces ANN,0.7666807938116114
