Model,RMSE
Baseline ANN,0.23386497980263757
Bagging ANN,0.5557029709040597
Random Patches ANN,1.2449144882000371
Random Subspaces ANN,0.5869598857075733
